{
  "id" : "b3d93471cc0eb0b7ebaeb0d660fe05aa56ab5e2c",
  "parent" : "376b9a2ff00662cf1b0bc5cc0675d09b67546cea",
  "name" : "spatialTemporalDistortion:urltrain=/home/ubuntu/EDEN/output_lppms_0.001_1km_test/data-accio,urltest=/home/ubuntu/EDEN/output_lppms_0.001_1km_test/tri-accio",
  "seed" : 4747335676534085806,
  "params" : {
    "urltrain" : "/home/ubuntu/EDEN/output_lppms_0.001_1km_test/data-accio",
    "urltest" : "/home/ubuntu/EDEN/output_lppms_0.001_1km_test/tri-accio"
  },
  "report" : {
    "started_at" : 1717048800632,
    "completed_at" : 1717048801051,
    "node_stats" : [
      {
        "name" : "EventSourceTrain",
        "started_at" : 1717048800632,
        "completed_at" : 1717048800656,
        "successful" : true,
        "duration" : 24,
        "completed" : true
      },
      {
        "name" : "EventSourceTest",
        "started_at" : 1717048800666,
        "completed_at" : 1717048800667,
        "successful" : true,
        "duration" : 1,
        "completed" : true
      },
      {
        "name" : "SpatioTemporalDistortiongeoi",
        "started_at" : 1717048800668,
        "completed_at" : 1717048801039,
        "successful" : true,
        "duration" : 371,
        "completed" : true
      }
    ],
    "artifacts" : [
      {
        "name" : "SpatioTemporalDistortiongeoi/avg",
        "type" : "map(string,double)",
        "value" : {
          "user_26" : 657.7228362592324,
          "user_46" : 646.0590846990474,
          "user_30" : 644.6397721015486,
          "user_2" : 661.908170232617,
          "user_15" : 659.8344168981216,
          "user_5" : 664.1984311085238,
          "user_41" : 657.0672097243026,
          "user_40" : 683.5007651336542,
          "user_9" : 698.9396093117402,
          "user_16" : 667.3143522083412,
          "user_36" : 670.4311333843251,
          "user_14" : 657.4377779568412,
          "user_25" : 642.5690628528066,
          "user_27" : 684.092097584315,
          "user_38" : 663.2884690855218,
          "user_8" : 665.5887453619276,
          "user_11" : 669.3846264829856,
          "user_20" : 662.7283922376098,
          "user_3" : 675.9702542384057,
          "user_33" : 656.9325209684997,
          "user_45" : 676.8117525269928,
          "user_22" : 682.8748549107511,
          "user_19" : 646.1256670629904,
          "user_31" : 664.788472048005,
          "user_42" : 679.1963793248243,
          "user_37" : 660.9186893317218,
          "user_39" : 670.1814134504992,
          "user_48" : 655.3178460073133,
          "user_7" : 661.003270849397,
          "user_10" : 667.1005888743904,
          "user_21" : 663.5891746435026,
          "user_4" : 658.9650216770201,
          "user_17" : 659.6555009063563,
          "user_29" : 655.0427836622091,
          "user_23" : 681.1884931628523,
          "user_0" : 665.3969400272848,
          "user_34" : 655.3591554766514,
          "user_12" : 696.1302095571264,
          "user_44" : 660.553466507649,
          "user_43" : 670.427416920908,
          "user_18" : 676.0082512517475,
          "user_32" : 669.4122312826413,
          "user_49" : 661.3438439435753,
          "user_1" : 665.7956261640087,
          "user_47" : 646.4800371108341,
          "user_6" : 665.1814845802877,
          "user_24" : 700.3042598532048,
          "user_13" : 659.9438783764052,
          "user_35" : 680.0543668968287,
          "user_28" : 650.5574459359642
        }
      },
      {
        "name" : "EventSourceTest/data",
        "type" : "dataset",
        "value" : {
          "uri" : "/home/ubuntu/EDEN/output_lppms_0.001_1km_test/tri-accio",
          "format" : "csv"
        }
      },
      {
        "name" : "SpatioTemporalDistortiongeoi/min",
        "type" : "map(string,double)",
        "value" : {
          "user_26" : 76.01873139272045,
          "user_46" : 32.86578362687201,
          "user_30" : 46.67714252701081,
          "user_2" : 59.1097220701842,
          "user_15" : 86.29491304260348,
          "user_5" : 28.753133999130085,
          "user_41" : 12.180330576786009,
          "user_40" : 65.01654256858842,
          "user_9" : 40.05496375284134,
          "user_16" : 69.03308684225082,
          "user_36" : 32.00655439858415,
          "user_14" : 25.671772091996914,
          "user_25" : 58.062777663451925,
          "user_27" : 24.64985078868994,
          "user_38" : 10.084150289084185,
          "user_8" : 35.68462608466108,
          "user_11" : 117.96429323427157,
          "user_20" : 54.52876832928216,
          "user_3" : 26.53206241495426,
          "user_33" : 24.33534349013202,
          "user_45" : 99.45231607979638,
          "user_22" : 54.096936701465054,
          "user_19" : 25.441560562439598,
          "user_31" : 31.85633502958397,
          "user_42" : 91.04518100937257,
          "user_37" : 28.59819146869673,
          "user_39" : 60.853219055570435,
          "user_48" : 36.08759848338387,
          "user_7" : 46.428327343038966,
          "user_10" : 23.480877067720193,
          "user_21" : 28.77345806020058,
          "user_4" : 25.048128883815394,
          "user_17" : 30.374130021871782,
          "user_29" : 35.20861186236874,
          "user_23" : 54.98728494135345,
          "user_0" : 16.701247970414297,
          "user_34" : 64.32700599207257,
          "user_12" : 30.464556916471295,
          "user_44" : 51.83982992404523,
          "user_43" : 125.75706979102173,
          "user_18" : 38.537093785861565,
          "user_32" : 43.05810131887044,
          "user_49" : 30.324415796384727,
          "user_1" : 82.42034652426622,
          "user_47" : 6.7892247306835545,
          "user_6" : 23.95378104816744,
          "user_24" : 28.678905391947847,
          "user_13" : 38.14283507397548,
          "user_35" : 47.517279484846384,
          "user_28" : 30.599613698947145
        }
      },
      {
        "name" : "SpatioTemporalDistortiongeoi/stddev",
        "type" : "map(string,double)",
        "value" : {
          "user_26" : 221.29796621118,
          "user_46" : 245.36061777751297,
          "user_30" : 245.28287613116856,
          "user_2" : 239.7973296619822,
          "user_15" : 231.9490517345807,
          "user_5" : 226.89740269552334,
          "user_41" : 242.60919245615258,
          "user_40" : 224.94170975551427,
          "user_9" : 218.3550295353947,
          "user_16" : 234.63952189221897,
          "user_36" : 237.7181322058968,
          "user_14" : 240.8760517526329,
          "user_25" : 239.71431537787925,
          "user_27" : 227.841830756755,
          "user_38" : 240.36276070794244,
          "user_8" : 238.47976792369224,
          "user_11" : 222.52086401096614,
          "user_20" : 219.2845251129367,
          "user_3" : 240.73764374646294,
          "user_33" : 241.663417323296,
          "user_45" : 235.04680844619855,
          "user_22" : 228.2029998926746,
          "user_19" : 246.4874046672927,
          "user_31" : 235.5459572174041,
          "user_42" : 223.84002979680477,
          "user_37" : 237.79669374108144,
          "user_39" : 231.4583718628082,
          "user_48" : 248.66633849734455,
          "user_7" : 226.11305811483106,
          "user_10" : 226.1465533741734,
          "user_21" : 251.6013281211667,
          "user_4" : 238.70713384184043,
          "user_17" : 245.7653607283513,
          "user_29" : 242.99020541626626,
          "user_23" : 229.08627161474573,
          "user_0" : 244.74907258534188,
          "user_34" : 240.344524172065,
          "user_12" : 227.52149251913664,
          "user_44" : 224.1398515886357,
          "user_43" : 220.66561934753634,
          "user_18" : 234.36972449222563,
          "user_32" : 235.31482144216054,
          "user_49" : 244.96599524815696,
          "user_1" : 222.68482518291538,
          "user_47" : 243.44074688892246,
          "user_6" : 230.25304084182682,
          "user_24" : 229.9848029211786,
          "user_13" : 246.60587978147595,