{
  "id" : "ee1d1fa4d4baeedd4e8f19058e218d659b6588b3",
  "parent" : "d1db13631cd468c09dbd7c472b3455301d335db7",
  "name" : "spatialTemporalDistortion:urltrain=/home/ubuntu/EDEN/output_lppms_0.001_1km_test/data-accio,urltest=/home/ubuntu/EDEN/output_lppms_0.001_1km_test/data/a82a6d0f33e3ec99b0413c4377d0f66855955aa9-GeoIndistinguishability/data",
  "seed" : 6633294387867131372,
  "params" : {
    "urltrain" : "/home/ubuntu/EDEN/output_lppms_0.001_1km_test/data-accio",
    "urltest" : "/home/ubuntu/EDEN/output_lppms_0.001_1km_test/data/a82a6d0f33e3ec99b0413c4377d0f66855955aa9-GeoIndistinguishability/data"
  },
  "report" : {
    "started_at" : 1717048794000,
    "completed_at" : 1717048794276,
    "node_stats" : [
      {
        "name" : "EventSourceTrain",
        "started_at" : 1717048794000,
        "completed_at" : 1717048794026,
        "successful" : true,
        "duration" : 26,
        "completed" : true
      },
      {
        "name" : "EventSourceTest",
        "started_at" : 1717048794036,
        "completed_at" : 1717048794037,
        "successful" : true,
        "duration" : 1,
        "completed" : true
      },
      {
        "name" : "SpatioTemporalDistortiongeoi",
        "started_at" : 1717048794038,
        "completed_at" : 1717048794263,
        "successful" : true,
        "duration" : 225,
        "completed" : true
      }
    ],
    "artifacts" : [
      {
        "name" : "SpatioTemporalDistortiongeoi/avg",
        "type" : "map(string,double)",
        "value" : {
          "user_26" : 1913.0510739763313,
          "user_46" : 1878.0325777331648,
          "user_30" : 2263.320860822788,
          "user_2" : 1854.4948018323246,
          "user_15" : 1804.2560937861908,
          "user_5" : 1877.9572332607515,
          "user_41" : 2057.6065018481654,
          "user_40" : 2481.816322644721,
          "user_9" : 2087.1115610909555,
          "user_16" : 2322.889607346374,
          "user_36" : 2063.2138369928293,
          "user_14" : 2061.875735093197,
          "user_25" : 2243.6274776494097,
          "user_27" : 2043.8226683370626,
          "user_38" : 2000.4649646833632,
          "user_8" : 1910.6127597230952,
          "user_11" : 1844.627658701744,
          "user_20" : 1946.34144139115,
          "user_3" : 2070.1098119156677,
          "user_33" : 1904.0434898378064,
          "user_45" : 2091.7530964656753,
          "user_22" : 2347.5008996077063,
          "user_19" : 2139.84902573988,
          "user_31" : 2275.9205657420657,
          "user_42" : 1996.7074375725642,
          "user_37" : 2050.631079640531,
          "user_39" : 2085.229120251796,
          "user_48" : 1882.822012310677,
          "user_7" : 1892.0670118617934,
          "user_10" : 2069.559855778108,
          "user_21" : 1765.624476606812,
          "user_4" : 2182.499484997453,
          "user_17" : 2049.902064544923,
          "user_29" : 2066.2059938317116,
          "user_23" : 1794.7415095375718,
          "user_0" : 1867.0864665705221,
          "user_34" : 2106.265979322556,
          "user_12" : 2237.9363011643945,
          "user_44" : 1876.3771466837554,
          "user_43" : 1883.8087524128332,
          "user_18" : 2009.797385146093,
          "user_32" : 1922.8147408599189,
          "user_49" : 1892.7908068145948,
          "user_1" : 2009.6090421490942,
          "user_47" : 1721.9963031846974,
          "user_6" : 1807.0964240772403,
          "user_24" : 2132.793010321308,
          "user_13" : 1954.083347194781,
          "user_35" : 2094.3432354414913,
          "user_28" : 2055.9683679009827
        }
      },
      {
        "name" : "EventSourceTest/data",
        "type" : "dataset",
        "value" : {
          "uri" : "/home/ubuntu/EDEN/output_lppms_0.001_1km_test/data/a82a6d0f33e3ec99b0413c4377d0f66855955aa9-GeoIndistinguishability/data",
          "format" : "csv"
        }
      },
      {
        "name" : "SpatioTemporalDistortiongeoi/min",
        "type" : "map(string,double)",
        "value" : {
          "user_26" : 105.15191797112767,
          "user_46" : 209.79324916517606,
          "user_30" : 127.74646754273995,
          "user_2" : 122.28040089661337,
          "user_15" : 109.15179366535413,
          "user_5" : 328.1777526527646,
          "user_41" : 241.97721115639885,
          "user_40" : 115.17737893886898,
          "user_9" : 185.56797059182014,
          "user_16" : 15.628548165551885,
          "user_36" : 102.93456443304918,
          "user_14" : 133.58953723748326,
          "user_25" : 159.58859289152983,
          "user_27" : 167.84456963225028,
          "user_38" : 164.7267194778513,
          "user_8" : 57.75233831647805,
          "user_11" : 119.70049709219835,
          "user_20" : 146.08589235886555,
          "user_3" : 161.10250652890548,
          "user_33" : 220.6304512554437,
          "user_45" : 60.720968762133325,
          "user_22" : 56.80224872975006,
          "user_19" : 80.62611957009221,
          "user_31" : 192.54975526500007,
          "user_42" : 172.00703981462348,
          "user_37" : 212.12563098456485,
          "user_39" : 81.1889984250628,
          "user_48" : 121.69808917710013,
          "user_7" : 90.70520795295732,
          "user_10" : 90.43586761083827,
          "user_21" : 141.40234068338975,
          "user_4" : 338.8286515700592,
          "user_17" : 180.92871926830716,
          "user_29" : 97.22129546694981,
          "user_23" : 59.57415991811361,
          "user_0" : 226.41438837319205,
          "user_34" : 224.8755331656777,
          "user_12" : 47.323629244518806,
          "user_44" : 87.58858991984214,
          "user_43" : 79.5390951074003,
          "user_18" : 67.12500657249862,
          "user_32" : 70.90830366075485,
          "user_49" : 261.23351127640825,
          "user_1" : 114.36146297449736,
          "user_47" : 168.20250625031045,
          "user_6" : 125.32004110589783,
          "user_24" : 114.01949719226849,
          "user_13" : 134.48460180546834,
          "user_35" : 122.34680020600143,
          "user_28" : 89.59711351305631
        }
      },
      {
        "name" : "SpatioTemporalDistortiongeoi/stddev",
        "type" : "map(string,double)",
        "value" : {
          "user_26" : 1482.25551341732,
          "user_46" : 1473.2477754949214,
          "user_30" : 1452.936823481845,
          "user_2" : 1164.1854580217291,
          "user_15" : 1405.8272692166756,
          "user_5" : 1169.3787780919852,
          "user_41" : 1316.31360048219,
          "user_40" : 1668.2293039222209,
          "user_9" : 1435.3031921325949,
          "user_16" : 1767.3142370072985,
          "user_36" : 1482.2061252935057,
          "user_14" : 1534.554367986768,
          "user_25" : 1498.8635552345725,
          "user_27" : 1434.7939695871075,
          "user_38" : 1373.6717040508756,
          "user_8" : 1578.5119519584744,
          "user_11" : 1261.56452090793,
          "user_20" : 1488.7541323329701,
          "user_3" : 1551.5106469434327,
          "user_33" : 1073.6051166448533,
          "user_45" : 1489.5829322111172,
          "user_22" : 1907.198772187001,
          "user_19" : 1688.688802203094,
          "user_31" : 1549.7358489322364,
          "user_42" : 1317.541110751926,
          "user_37" : 1466.4508465932777,
          "user_39" : 1423.317701934333,
          "user_48" : 1609.224655122467,
          "user_7" : 1355.3202024356876,
          "user_10" : 1594.5622927502027,
          "user_21" : 1223.6074683058407,
          "user_4" : 1468.6416217638794,
          "user_17" : 1565.060845460698,
          "user_29" : 1435.0953512529811,
          "user_23" : 1094.4422538670342,
          "user_0" : 1310.7505354692871,
          "user_34" : 1438.8399434091539,
          "user_12" : 1587.4920790283431,
          "user_44" : 1314.0889442597427,
          "user_43" : 1295.525401871354,
          "user_18" : 1591.8666793857383,
          "user_32" : 1342.457986925015,