{
  "id" : "9a5ea811630e45e440234f1a8fb05d04d810b618",
  "parent" : "b12705796fd9e0788c7eec9978109a9ad8365287",
  "name" : "spatialTemporalDistortion:urltrain=/home/ubuntu/EDEN/output_lppms_0.005_2km_train/data-accio,urltest=/home/ubuntu/EDEN/output_lppms_0.005_2km_train/data/ba79170cf251832bc968b581fecd652884569afa-GeoIndistinguishability/data",
  "seed" : 2669993146555044773,
  "params" : {
    "urltrain" : "/home/ubuntu/EDEN/output_lppms_0.005_2km_train/data-accio",
    "urltest" : "/home/ubuntu/EDEN/output_lppms_0.005_2km_train/data/ba79170cf251832bc968b581fecd652884569afa-GeoIndistinguishability/data"
  },
  "report" : {
    "started_at" : 1717048828192,
    "completed_at" : 1717048828476,
    "node_stats" : [
      {
        "name" : "EventSourceTrain",
        "started_at" : 1717048828192,
        "completed_at" : 1717048828218,
        "successful" : true,
        "duration" : 26,
        "completed" : true
      },
      {
        "name" : "EventSourceTest",
        "started_at" : 1717048828228,
        "completed_at" : 1717048828229,
        "successful" : true,
        "duration" : 1,
        "completed" : true
      },
      {
        "name" : "SpatioTemporalDistortiongeoi",
        "started_at" : 1717048828230,
        "completed_at" : 1717048828466,
        "successful" : true,
        "duration" : 236,
        "completed" : true
      }
    ],
    "artifacts" : [
      {
        "name" : "SpatioTemporalDistortiongeoi/avg",
        "type" : "map(string,double)",
        "value" : {
          "user_26" : 2016.2855717863138,
          "user_46" : 1774.736995144039,
          "user_30" : 2003.164820872735,
          "user_2" : 2038.3700727022367,
          "user_15" : 1768.7557900928466,
          "user_5" : 2210.1543838800058,
          "user_41" : 1816.116347705809,
          "user_40" : 2256.049646086866,
          "user_9" : 2108.948195569005,
          "user_16" : 1884.0318387990014,
          "user_36" : 2148.9106076030616,
          "user_14" : 1937.1810467573514,
          "user_25" : 1996.2226612426064,
          "user_27" : 2094.9436648961296,
          "user_38" : 1973.0725912813043,
          "user_8" : 2056.1059211219376,
          "user_11" : 1966.349918016681,
          "user_20" : 1868.4820977201334,
          "user_3" : 2019.8953552275382,
          "user_33" : 2063.1108249539852,
          "user_45" : 2059.4063599471347,
          "user_22" : 1974.320994240435,
          "user_19" : 1936.9453280951298,
          "user_31" : 2118.030957731789,
          "user_42" : 1939.394156792485,
          "user_37" : 2110.2325175665355,
          "user_39" : 1914.5805979483841,
          "user_48" : 2106.7840420460784,
          "user_7" : 2050.1485164002784,
          "user_10" : 1848.014014151012,
          "user_21" : 1855.7408220507223,
          "user_4" : 2169.244445687462,
          "user_17" : 1964.39948413521,
          "user_29" : 2141.5754735057253,
          "user_23" : 1984.972160151581,
          "user_0" : 1980.5911201308916,
          "user_34" : 2065.0473048303493,
          "user_12" : 1887.4357402622418,
          "user_44" : 2140.5697734715964,
          "user_43" : 1977.1027259659948,
          "user_18" : 2208.7237795073634,
          "user_32" : 2161.9319346251395,
          "user_49" : 2152.3928009735932,
          "user_1" : 2120.796239365725,
          "user_47" : 1867.331619462136,
          "user_6" : 1924.4850533332929,
          "user_24" : 1803.6845124737447,
          "user_13" : 1821.8456081749098,
          "user_35" : 1883.6836932116942,
          "user_28" : 2086.7872970466155
        }
      },
      {
        "name" : "EventSourceTest/data",
        "type" : "dataset",
        "value" : {
          "uri" : "/home/ubuntu/EDEN/output_lppms_0.005_2km_train/data/ba79170cf251832bc968b581fecd652884569afa-GeoIndistinguishability/data",
          "format" : "csv"
        }
      },
      {
        "name" : "SpatioTemporalDistortiongeoi/min",
        "type" : "map(string,double)",
        "value" : {
          "user_26" : 105.84216710742362,
          "user_46" : 81.75491922674736,
          "user_30" : 196.8925763098141,
          "user_2" : 133.70499118031836,
          "user_15" : 99.12301150510885,
          "user_5" : 45.725129504476264,
          "user_41" : 174.00090178497976,
          "user_40" : 89.41754045160386,
          "user_9" : 81.67607920651726,
          "user_16" : 30.092308658173472,
          "user_36" : 152.7524914617587,
          "user_14" : 105.23394663404427,
          "user_25" : 176.63620504212088,
          "user_27" : 119.57696948914305,
          "user_38" : 317.7329370369761,
          "user_8" : 146.3095428091715,
          "user_11" : 26.34807653640969,
          "user_20" : 91.32018051961303,
          "user_3" : 86.5367851724853,
          "user_33" : 140.8418209156814,
          "user_45" : 51.37734622739537,
          "user_22" : 34.62077861989592,
          "user_19" : 147.9040960047752,
          "user_31" : 70.89088196116967,
          "user_42" : 155.29250128796673,
          "user_37" : 276.05624860972097,
          "user_39" : 45.16921354740509,
          "user_48" : 62.557099342474785,
          "user_7" : 110.7285910360368,
          "user_10" : 198.19851445383324,
          "user_21" : 167.6952746708174,
          "user_4" : 125.99082250317139,
          "user_17" : 173.11849474840417,
          "user_29" : 34.16495715208745,
          "user_23" : 45.58123062098048,
          "user_0" : 158.10360435391905,
          "user_34" : 229.39965192485022,
          "user_12" : 122.21377577693097,
          "user_44" : 99.64587723675109,
          "user_43" : 128.83235958601944,
          "user_18" : 206.8717367770937,
          "user_32" : 195.94887057573962,
          "user_49" : 116.2564552323222,
          "user_1" : 94.4077054620393,
          "user_47" : 62.95361706581902,
          "user_6" : 190.30504397259037,
          "user_24" : 221.7363812874283,
          "user_13" : 99.52223183797209,
          "user_35" : 191.42525114564438,
          "user_28" : 90.0066187973416
        }
      },
      {
        "name" : "SpatioTemporalDistortiongeoi/stddev",
        "type" : "map(string,double)",
        "value" : {
          "user_26" : 1412.35559688515,
          "user_46" : 1216.2168769749146,
          "user_30" : 1295.1233994498375,
          "user_2" : 1176.5444705548443,
          "user_15" : 1320.191688412305,
          "user_5" : 1585.2872742986738,
          "user_41" : 1205.5267672610496,
          "user_40" : 1594.851030495927,
          "user_9" : 1485.2511806961588,
          "user_16" : 1334.677109594636,
          "user_36" : 1507.504160959412,
          "user_14" : 1370.5844151163926,
          "user_25" : 1328.0141903308063,
          "user_27" : 1468.5721842773794,
          "user_38" : 1413.145002781813,
          "user_8" : 1768.180806845759,
          "user_11" : 1537.855858998123,
          "user_20" : 1320.7410318070338,
          "user_3" : 1517.2143056628342,
          "user_33" : 1536.6566739930133,
          "user_45" : 1366.423170566269,
          "user_22" : 1558.6427081777103,
          "user_19" : 1404.6649697236792,
          "user_31" : 1336.4591142751292,
          "user_42" : 1326.5231192658325,
          "user_37" : 1573.3080136443023,
          "user_39" : 1389.8253927112928,
          "user_48" : 1336.6519226625064,
          "user_7" : 1601.3523767474383,
          "user_10" : 1344.4503144960865,
          "user_21" : 1292.1602695336696,
          "user_4" : 1374.5392606115013,
          "user_17" : 1417.028997942079,
          "user_29" : 1335.7424147174333,
          "user_23" : 1531.8067108257512,
          "user_0" : 1366.0672670495355,
          "user_34" : 1410.5253711136968,
          "user_12" : 1231.969795507407,
          "user_44" : 1611.7612963775598,
          "user_43" : 1509.5378846711787,
          "user_18" : 1490.9427837068895,
          "user_32" : 1399.64151148152,