{
  "id" : "eaf5cf095a31ab172dc84d4e5829906fc7ca0219",
  "parent" : "941b35c1d269794b487bc3d0d88693c6c06f28b6",
  "name" : "spatialTemporalDistortion:urltrain=/home/ubuntu/EDEN/output_lppms_0.005_2km_train/data-accio,urltest=/home/ubuntu/EDEN/output_lppms_0.005_2km_train/tri-accio",
  "seed" : -7352881606115959492,
  "params" : {
    "urltrain" : "/home/ubuntu/EDEN/output_lppms_0.005_2km_train/data-accio",
    "urltest" : "/home/ubuntu/EDEN/output_lppms_0.005_2km_train/tri-accio"
  },
  "report" : {
    "started_at" : 1717048835048,
    "completed_at" : 1717048835445,
    "node_stats" : [
      {
        "name" : "EventSourceTrain",
        "started_at" : 1717048835048,
        "completed_at" : 1717048835073,
        "successful" : true,
        "duration" : 25,
        "completed" : true
      },
      {
        "name" : "EventSourceTest",
        "started_at" : 1717048835084,
        "completed_at" : 1717048835085,
        "successful" : true,
        "duration" : 1,
        "completed" : true
      },
      {
        "name" : "SpatioTemporalDistortiongeoi",
        "started_at" : 1717048835086,
        "completed_at" : 1717048835432,
        "successful" : true,
        "duration" : 346,
        "completed" : true
      }
    ],
    "artifacts" : [
      {
        "name" : "SpatioTemporalDistortiongeoi/avg",
        "type" : "map(string,double)",
        "value" : {
          "user_26" : 1320.831206473542,
          "user_46" : 1337.0996558042045,
          "user_30" : 1301.427043887889,
          "user_2" : 1317.222514041023,
          "user_15" : 1352.242356580561,
          "user_5" : 1374.8222132462686,
          "user_41" : 1305.2491569272572,
          "user_40" : 1387.7081665734543,
          "user_9" : 1363.4165398807984,
          "user_16" : 1275.8001870977143,
          "user_36" : 1347.363688318226,
          "user_14" : 1353.9721597941993,
          "user_25" : 1299.1049200028756,
          "user_27" : 1289.624601479165,
          "user_38" : 1347.089042146071,
          "user_8" : 1257.6370179680243,
          "user_11" : 1353.5027250780613,
          "user_20" : 1343.5793492305343,
          "user_3" : 1352.0438528215257,
          "user_33" : 1272.0954815651087,
          "user_45" : 1285.6410999769807,
          "user_22" : 1362.3207812049607,
          "user_19" : 1299.7540410678241,
          "user_31" : 1345.8005533800742,
          "user_42" : 1313.2715129695234,
          "user_37" : 1329.6975417872543,
          "user_39" : 1339.9670405968543,
          "user_48" : 1378.1829116647161,
          "user_7" : 1306.0341717095187,
          "user_10" : 1329.8193552084347,
          "user_21" : 1302.583890259273,
          "user_4" : 1365.4574713950879,
          "user_17" : 1371.6773277349453,
          "user_29" : 1364.7292641665315,
          "user_23" : 1363.42515781602,
          "user_0" : 1321.9439739946504,
          "user_34" : 1314.6513945488953,
          "user_12" : 1325.7141767996882,
          "user_44" : 1338.7654976432157,
          "user_43" : 1283.266443622053,
          "user_18" : 1331.6280175164254,
          "user_32" : 1315.6016390955688,
          "user_49" : 1308.9797016289153,
          "user_1" : 1354.864861370888,
          "user_47" : 1329.4683455758804,
          "user_6" : 1367.6738795501944,
          "user_24" : 1299.0033056124141,
          "user_13" : 1297.5886985494074,
          "user_35" : 1320.6085756741434,
          "user_28" : 1329.9725326809942
        }
      },
      {
        "name" : "EventSourceTest/data",
        "type" : "dataset",
        "value" : {
          "uri" : "/home/ubuntu/EDEN/output_lppms_0.005_2km_train/tri-accio",
          "format" : "csv"
        }
      },
      {
        "name" : "SpatioTemporalDistortiongeoi/min",
        "type" : "map(string,double)",
        "value" : {
          "user_26" : 116.93114409861937,
          "user_46" : 39.92115848831422,
          "user_30" : 103.36403727906001,
          "user_2" : 135.0581553177368,
          "user_15" : 130.51656586968818,
          "user_5" : 119.88671831767039,
          "user_41" : 205.10672306341354,
          "user_40" : 66.74370711219271,
          "user_9" : 91.52433779438707,
          "user_16" : 33.00386448606302,
          "user_36" : 90.20688363773377,
          "user_14" : 97.26045363097516,
          "user_25" : 58.630776966183504,
          "user_27" : 95.54739803992489,
          "user_38" : 80.76228207393609,
          "user_8" : 155.77482594439294,
          "user_11" : 198.48527490049392,
          "user_20" : 152.62837803884588,
          "user_3" : 186.048541267442,
          "user_33" : 91.01175888901287,
          "user_45" : 1.8032027742316792,
          "user_22" : 118.3747865557766,
          "user_19" : 66.0118973406392,
          "user_31" : 104.35075115456723,
          "user_42" : 99.29004015035049,
          "user_37" : 43.65991260890297,
          "user_39" : 109.7227770867515,
          "user_48" : 199.1920467037263,
          "user_7" : 151.0304206664478,
          "user_10" : 107.33662517302558,
          "user_21" : 25.675172169980776,
          "user_4" : 183.3904307296756,
          "user_17" : 160.69856455646462,
          "user_29" : 193.28206051632557,
          "user_23" : 131.36688271656905,
          "user_0" : 70.734292463232,
          "user_34" : 108.66921386137724,
          "user_12" : 172.76131394365942,
          "user_44" : 24.57816015140271,
          "user_43" : 107.62700489487023,
          "user_18" : 161.27875755373856,
          "user_32" : 75.60922414120805,
          "user_49" : 55.15064436335994,
          "user_1" : 97.68752895845618,
          "user_47" : 115.23582728776192,
          "user_6" : 137.65027840498664,
          "user_24" : 49.2218388763383,
          "user_13" : 46.777353621907984,
          "user_35" : 127.86012628418277,
          "user_28" : 128.5730770384546
        }
      },
      {
        "name" : "SpatioTemporalDistortiongeoi/stddev",
        "type" : "map(string,double)",
        "value" : {
          "user_26" : 469.9685391143083,
          "user_46" : 461.45528297745705,
          "user_30" : 489.24086305724853,
          "user_2" : 457.12159036608955,
          "user_15" : 480.9882561689354,
          "user_5" : 473.3491138012033,
          "user_41" : 447.92713343172613,
          "user_40" : 430.6139664983864,
          "user_9" : 482.47674291696615,
          "user_16" : 478.94290163737503,
          "user_36" : 443.614961723143,
          "user_14" : 459.94381281982345,
          "user_25" : 480.87103888395876,
          "user_27" : 488.10349844240216,
          "user_38" : 472.2949149524792,
          "user_8" : 468.0532729804535,
          "user_11" : 489.1172722978006,
          "user_20" : 468.0016410904339,
          "user_3" : 452.99138957350317,
          "user_33" : 483.42425029249296,
          "user_45" : 506.4207345377466,
          "user_22" : 485.704054861836,
          "user_19" : 453.4816256325078,
          "user_31" : 467.6314051574563,
          "user_42" : 492.2941471940168,
          "user_37" : 473.0278250800816,
          "user_39" : 463.64414073753727,
          "user_48" : 451.5196216513657,
          "user_7" : 471.05208259225805,
          "user_10" : 445.13613304166046,
          "user_21" : 492.808381245233,
          "user_4" : 457.65016226137453,
          "user_17" : 458.65301487410545,
          "user_29" : 450.561369997262,
          "user_23" : 446.52615923800386,
          "user_0" : 474.5468422648166,
          "user_34" : 479.02036204139847,
          "user_12" : 475.4899946730835,
          "user_44" : 468.7323436891893,
          "user_43" : 506.3871698349216,
          "user_18" : 468.4595205020421,
          "user_32" : 479.640977641445,
          "user_49" : 490.19086187735115,
          "user_1" : 456.4159993218342,
          "user_47" : 454.33879731317035,
          "user_6" : 466.8797941885145,
          "user_24" : 477.1682433808121,