{
  "id" : "e827a5dedbf899ab294e04dbe25381e86b9ab0bb",
  "parent" : "ffe22c66e80b81ccf8686da1dde2bf4379f2a284",
  "name" : "spatialTemporalDistortion:urltrain=/home/ubuntu/EDEN/output_lppms_0.005_2km_test/data-accio,urltest=/home/ubuntu/EDEN/output_lppms_0.005_2km_test/data/44c10c6b40d2dbfc96ad45f10065e21f8514c04f-GeoIndistinguishability/data",
  "seed" : 3597537407785989882,
  "params" : {
    "urltrain" : "/home/ubuntu/EDEN/output_lppms_0.005_2km_test/data-accio",
    "urltest" : "/home/ubuntu/EDEN/output_lppms_0.005_2km_test/data/44c10c6b40d2dbfc96ad45f10065e21f8514c04f-GeoIndistinguishability/data"
  },
  "report" : {
    "started_at" : 1717048855599,
    "completed_at" : 1717048855881,
    "node_stats" : [
      {
        "name" : "EventSourceTrain",
        "started_at" : 1717048855599,
        "completed_at" : 1717048855625,
        "successful" : true,
        "duration" : 26,
        "completed" : true
      },
      {
        "name" : "EventSourceTest",
        "started_at" : 1717048855635,
        "completed_at" : 1717048855636,
        "successful" : true,
        "duration" : 1,
        "completed" : true
      },
      {
        "name" : "SpatioTemporalDistortiongeoi",
        "started_at" : 1717048855638,
        "completed_at" : 1717048855870,
        "successful" : true,
        "duration" : 232,
        "completed" : true
      }
    ],
    "artifacts" : [
      {
        "name" : "SpatioTemporalDistortiongeoi/avg",
        "type" : "map(string,double)",
        "value" : {
          "user_26" : 2414.764728680213,
          "user_46" : 1974.67653864554,
          "user_30" : 2064.5012873028713,
          "user_2" : 1873.6875904215717,
          "user_15" : 2161.7753070333406,
          "user_5" : 2217.3070968097786,
          "user_41" : 1821.4280829520178,
          "user_40" : 2126.180318800923,
          "user_9" : 2185.5872037674826,
          "user_16" : 2083.982660744542,
          "user_36" : 2037.7494243705491,
          "user_14" : 2068.260976647233,
          "user_25" : 1888.9851621116675,
          "user_27" : 2179.336926321836,
          "user_38" : 1747.205688162704,
          "user_8" : 1998.1292871660214,
          "user_11" : 1980.1853550233175,
          "user_20" : 1970.1643107621717,
          "user_3" : 1973.2366757420423,
          "user_33" : 1764.1706736048163,
          "user_45" : 2117.6683950033703,
          "user_22" : 2023.7726265681556,
          "user_19" : 1655.7919895112325,
          "user_31" : 2101.7654527668874,
          "user_42" : 2147.967973942838,
          "user_37" : 1993.0636193294627,
          "user_39" : 1987.8488033834537,
          "user_48" : 1950.3498275228853,
          "user_7" : 1885.1793252361074,
          "user_10" : 2218.198308684413,
          "user_21" : 1986.1200727807525,
          "user_4" : 2030.8004592696423,
          "user_17" : 1907.538860400466,
          "user_29" : 1921.3146854766262,
          "user_23" : 1991.228663556166,
          "user_0" : 1998.6166204217902,
          "user_34" : 1933.6846034309146,
          "user_12" : 2361.338418174374,
          "user_44" : 1957.6232788101834,
          "user_43" : 1815.1663783848094,
          "user_18" : 1841.9703412124907,
          "user_32" : 2058.8976623330873,
          "user_49" : 1852.4686629457763,
          "user_1" : 2036.5957141869512,
          "user_47" : 2050.3059313049953,
          "user_6" : 1941.6309460327732,
          "user_24" : 1969.9664744697877,
          "user_13" : 1671.697536503445,
          "user_35" : 1877.3333060188802,
          "user_28" : 1879.7056081873
        }
      },
      {
        "name" : "EventSourceTest/data",
        "type" : "dataset",
        "value" : {
          "uri" : "/home/ubuntu/EDEN/output_lppms_0.005_2km_test/data/44c10c6b40d2dbfc96ad45f10065e21f8514c04f-GeoIndistinguishability/data",
          "format" : "csv"
        }
      },
      {
        "name" : "SpatioTemporalDistortiongeoi/min",
        "type" : "map(string,double)",
        "value" : {
          "user_26" : 79.8522018841591,
          "user_46" : 291.4930631302435,
          "user_30" : 155.663169476998,
          "user_2" : 109.2082171313566,
          "user_15" : 213.7932141096468,
          "user_5" : 389.54570444970045,
          "user_41" : 77.5728129187104,
          "user_40" : 70.46392374865302,
          "user_9" : 167.24437586694378,
          "user_16" : 30.55648336454068,
          "user_36" : 190.7954032268023,
          "user_14" : 182.54292907698357,
          "user_25" : 117.21311244810407,
          "user_27" : 184.7093415538742,
          "user_38" : 215.98283817089987,
          "user_8" : 175.70426913884077,
          "user_11" : 90.71748792839801,
          "user_20" : 143.84312377121503,
          "user_3" : 203.28543806902212,
          "user_33" : 88.95836307914573,
          "user_45" : 56.12337973704115,
          "user_22" : 222.98239288858858,
          "user_19" : 241.73908831173108,
          "user_31" : 133.3770016669719,
          "user_42" : 76.5076356531181,
          "user_37" : 124.08422691931803,
          "user_39" : 158.45373095725628,
          "user_48" : 232.47082097458218,
          "user_7" : 120.18104536582416,
          "user_10" : 118.13526883967815,
          "user_21" : 35.27277189272204,
          "user_4" : 98.29001677889455,
          "user_17" : 112.23346350298574,
          "user_29" : 263.22536747467143,
          "user_23" : 57.40205581150411,
          "user_0" : 160.21470025860265,
          "user_34" : 48.41411789068185,
          "user_12" : 115.13105424529168,
          "user_44" : 137.19712582731393,
          "user_43" : 67.41544466022069,
          "user_18" : 91.62528532124882,
          "user_32" : 88.0799659378334,
          "user_49" : 141.32101672896928,
          "user_1" : 177.6043216785367,
          "user_47" : 23.816500460656428,
          "user_6" : 45.47266564222487,
          "user_24" : 63.23136205401656,
          "user_13" : 96.37636925297988,
          "user_35" : 56.81972264553726,
          "user_28" : 55.894470896373136
        }
      },
      {
        "name" : "SpatioTemporalDistortiongeoi/stddev",
        "type" : "map(string,double)",
        "value" : {
          "user_26" : 1592.0630450018139,
          "user_46" : 1338.4409903379399,
          "user_30" : 1481.9079869940967,
          "user_2" : 1295.924879942027,
          "user_15" : 1301.813139305979,
          "user_5" : 1422.9610865495686,
          "user_41" : 1416.6300228259831,
          "user_40" : 1394.2221795929004,
          "user_9" : 1575.8364223102562,
          "user_16" : 1616.1405305193416,
          "user_36" : 1225.9616857762862,
          "user_14" : 1305.8831105835877,
          "user_25" : 1332.3829060011265,
          "user_27" : 1578.8966872572234,
          "user_38" : 1375.4018462992653,
          "user_8" : 1364.1704722305358,
          "user_11" : 1270.1672354533555,
          "user_20" : 1445.100618272302,
          "user_3" : 1411.635970271301,
          "user_33" : 1272.3702000178364,
          "user_45" : 1501.6456723846836,
          "user_22" : 1449.718866369299,
          "user_19" : 960.2690616702978,
          "user_31" : 1615.9322476241418,
          "user_42" : 1509.9977981986044,
          "user_37" : 1556.4740949144846,
          "user_39" : 1324.4247791061975,
          "user_48" : 1254.1363120808899,
          "user_7" : 1437.6601312970963,
          "user_10" : 1697.109875434227,
          "user_21" : 1536.6108010233743,
          "user_4" : 1549.6261223476713,
          "user_17" : 1362.7579990860065,
          "user_29" : 1247.2895013083105,
          "user_23" : 1348.0116129445394,
          "user_0" : 1377.0948667465186,
          "user_34" : 1349.4498142245661,
          "user_12" : 1732.3035630629113,
          "user_44" : 1392.2531129445365,
          "user_43" : 1279.9997725566445,
          "user_18" : 1299.6559976089193,
          "user_32" : 1582.9955685349864,