{
  "id" : "b04c8889bd7daa94226c009e3e4f6d8ce6ee60fc",
  "parent" : "18fffe2e5723f87908e0bd0994c5353a8f8d5ae5",
  "name" : "spatialTemporalDistortion:urltrain=/home/ubuntu/EDEN/output_lppms_0.005_2km_test/data-accio,urltest=/home/ubuntu/EDEN/output_lppms_0.005_2km_test/tri-accio",
  "seed" : -4013419000075189522,
  "params" : {
    "urltrain" : "/home/ubuntu/EDEN/output_lppms_0.005_2km_test/data-accio",
    "urltest" : "/home/ubuntu/EDEN/output_lppms_0.005_2km_test/tri-accio"
  },
  "report" : {
    "started_at" : 1717048862410,
    "completed_at" : 1717048862806,
    "node_stats" : [
      {
        "name" : "EventSourceTrain",
        "started_at" : 1717048862410,
        "completed_at" : 1717048862437,
        "successful" : true,
        "duration" : 27,
        "completed" : true
      },
      {
        "name" : "EventSourceTest",
        "started_at" : 1717048862449,
        "completed_at" : 1717048862450,
        "successful" : true,
        "duration" : 1,
        "completed" : true
      },
      {
        "name" : "SpatioTemporalDistortiongeoi",
        "started_at" : 1717048862451,
        "completed_at" : 1717048862792,
        "successful" : true,
        "duration" : 341,
        "completed" : true
      }
    ],
    "artifacts" : [
      {
        "name" : "SpatioTemporalDistortiongeoi/avg",
        "type" : "map(string,double)",
        "value" : {
          "user_26" : 1281.1802080167924,
          "user_46" : 1339.4267433132914,
          "user_30" : 1365.424971846964,
          "user_2" : 1304.9163085667244,
          "user_15" : 1320.6464889446252,
          "user_5" : 1360.5670337378335,
          "user_41" : 1379.06111472887,
          "user_40" : 1335.4341713006486,
          "user_9" : 1327.730016055977,
          "user_16" : 1319.5315197518473,
          "user_36" : 1350.770678614516,
          "user_14" : 1312.9947435246027,
          "user_25" : 1360.9385474224907,
          "user_27" : 1315.4717944447796,
          "user_38" : 1310.8611149799422,
          "user_8" : 1390.11778868339,
          "user_11" : 1368.102801349779,
          "user_20" : 1341.5595443958935,
          "user_3" : 1376.8428785306987,
          "user_33" : 1353.8255095568709,
          "user_45" : 1341.2591478266806,
          "user_22" : 1298.4520263571844,
          "user_19" : 1336.8385039278116,
          "user_31" : 1295.1952618196285,
          "user_42" : 1360.0851447442335,
          "user_37" : 1310.513705307718,
          "user_39" : 1378.8556971178286,
          "user_48" : 1332.5062795438375,
          "user_7" : 1313.4605829009326,
          "user_10" : 1390.910518275538,
          "user_21" : 1301.5505937291412,
          "user_4" : 1352.6554409347414,
          "user_17" : 1360.1943544344279,
          "user_29" : 1275.382765573537,
          "user_23" : 1299.1795824556255,
          "user_0" : 1344.9468388383236,
          "user_34" : 1300.3391951724025,
          "user_12" : 1311.2785367722024,
          "user_44" : 1294.110361654129,
          "user_43" : 1386.5928810162227,
          "user_18" : 1304.9028582244935,
          "user_32" : 1372.8039583518012,
          "user_49" : 1350.1708592132397,
          "user_1" : 1301.9381096489253,
          "user_47" : 1314.675667216667,
          "user_6" : 1400.1750924828057,
          "user_24" : 1340.1421079003733,
          "user_13" : 1333.4174493881071,
          "user_35" : 1383.0472696635766,
          "user_28" : 1316.4119396718825
        }
      },
      {
        "name" : "EventSourceTest/data",
        "type" : "dataset",
        "value" : {
          "uri" : "/home/ubuntu/EDEN/output_lppms_0.005_2km_test/tri-accio",
          "format" : "csv"
        }
      },
      {
        "name" : "SpatioTemporalDistortiongeoi/min",
        "type" : "map(string,double)",
        "value" : {
          "user_26" : 92.09169298853348,
          "user_46" : 82.18639916569369,
          "user_30" : 227.24965364189106,
          "user_2" : 69.87005582199582,
          "user_15" : 40.29801369157258,
          "user_5" : 152.90620939506977,
          "user_41" : 157.38968811246895,
          "user_40" : 162.97993534923162,
          "user_9" : 138.06364223249332,
          "user_16" : 72.30114871895076,
          "user_36" : 186.1530582565583,
          "user_14" : 100.77188134401447,
          "user_25" : 55.5437290025133,
          "user_27" : 110.37156103928905,
          "user_38" : 170.6526597858274,
          "user_8" : 113.63693327000846,
          "user_11" : 121.20597304520157,
          "user_20" : 192.48407646632768,
          "user_3" : 45.2232151980131,
          "user_33" : 62.80184338571707,
          "user_45" : 277.17408375226245,
          "user_22" : 16.185643085100974,
          "user_19" : 120.1130016541913,
          "user_31" : 85.71078806029563,
          "user_42" : 21.006139413005222,
          "user_37" : 124.57645230126788,
          "user_39" : 208.8539741522294,
          "user_48" : 144.8577565123976,
          "user_7" : 94.95325122395064,
          "user_10" : 101.84905500700727,
          "user_21" : 105.21824961911064,
          "user_4" : 26.945951101610618,
          "user_17" : 197.9325876988092,
          "user_29" : 135.2511306790771,
          "user_23" : 100.7460172279902,
          "user_0" : 144.96613482247741,
          "user_34" : 241.0293591018777,
          "user_12" : 114.76175851221453,
          "user_44" : 206.12581478732247,
          "user_43" : 85.51660976997192,
          "user_18" : 44.70418757124156,
          "user_32" : 25.4198369080016,
          "user_49" : 69.91795959070389,
          "user_1" : 180.52142846369114,
          "user_47" : 148.65852820355167,
          "user_6" : 190.16352095523862,
          "user_24" : 23.879624791260465,
          "user_13" : 116.16343320871212,
          "user_35" : 30.755206635014765,
          "user_28" : 91.90143136257166
        }
      },
      {
        "name" : "SpatioTemporalDistortiongeoi/stddev",
        "type" : "map(string,double)",
        "value" : {
          "user_26" : 469.9821882889185,
          "user_46" : 465.5006275805047,
          "user_30" : 446.0618931488819,
          "user_2" : 483.64844983030315,
          "user_15" : 473.17641735117235,
          "user_5" : 464.10825951294345,
          "user_41" : 448.4940086547553,
          "user_40" : 463.57651425456265,
          "user_9" : 505.3414103529542,
          "user_16" : 500.81558199471624,
          "user_36" : 476.0475900701497,
          "user_14" : 459.0856874911364,
          "user_25" : 469.6058275468246,
          "user_27" : 454.94587178453406,
          "user_38" : 453.4449883703074,
          "user_8" : 437.2899615661781,
          "user_11" : 440.1372730580867,
          "user_20" : 467.64545022387716,
          "user_3" : 454.44998819959994,
          "user_33" : 473.84578750071086,
          "user_45" : 435.9562713326853,
          "user_22" : 498.8885886229515,
          "user_19" : 453.8796525045718,
          "user_31" : 468.7506812756954,
          "user_42" : 443.32959508239975,
          "user_37" : 475.9637098295656,
          "user_39" : 451.68394777347,
          "user_48" : 453.53301876755074,
          "user_7" : 479.964528027124,
          "user_10" : 458.8956475896404,
          "user_21" : 501.45144247311504,
          "user_4" : 467.4202038844626,
          "user_17" : 421.80440982436596,
          "user_29" : 486.47293775788563,
          "user_23" : 465.88276743434477,
          "user_0" : 446.0702858964545,
          "user_34" : 481.606848150189,
          "user_12" : 485.2739718513033,
          "user_44" : 461.67172431514837,
          "user_43" : 457.143267953438,
          "user_18" : 471.9037668163944,
          "user_32" : 447.4957754564441,
          "user_49" : 476.9980822669026,
          "user_1" : 444.3280670492494,
          "user_47" : 468.74444348566266,
          "user_6" : 440.40224924842295,
          "user_24" : 475.26193439566407,
          "user_13" : 471.88020884294184,