{
  "id" : "38b9c9fd36f22331fdd2c839371a14a0d313592a",
  "parent" : "03f1d9586cdde122c004d52059f2399702ed2381",
  "name" : "spatialTemporalDistortion:urltrain=/home/ubuntu/EDEN/output_lppms_0.001_1km_train/data-accio,urltest=/home/ubuntu/EDEN/output_lppms_0.001_1km_train/data/7d7fc9407e6ae4cfa6280c2a226d56a3a8ed6b94-GeoIndistinguishability/data",
  "seed" : -2442044218604760523,
  "params" : {
    "urltrain" : "/home/ubuntu/EDEN/output_lppms_0.001_1km_train/data-accio",
    "urltest" : "/home/ubuntu/EDEN/output_lppms_0.001_1km_train/data/7d7fc9407e6ae4cfa6280c2a226d56a3a8ed6b94-GeoIndistinguishability/data"
  },
  "report" : {
    "started_at" : 1717048397101,
    "completed_at" : 1717048397422,
    "node_stats" : [
      {
        "name" : "EventSourceTrain",
        "started_at" : 1717048397101,
        "completed_at" : 1717048397129,
        "successful" : true,
        "duration" : 28,
        "completed" : true
      },
      {
        "name" : "EventSourceTest",
        "started_at" : 1717048397141,
        "completed_at" : 1717048397142,
        "successful" : true,
        "duration" : 1,
        "completed" : true
      },
      {
        "name" : "SpatioTemporalDistortiongeoi",
        "started_at" : 1717048397143,
        "completed_at" : 1717048397408,
        "successful" : true,
        "duration" : 265,
        "completed" : true
      }
    ],
    "artifacts" : [
      {
        "name" : "SpatioTemporalDistortiongeoi/avg",
        "type" : "map(string,double)",
        "value" : {
          "user_26" : 2314.8248352611436,
          "user_46" : 2147.22511905194,
          "user_30" : 1910.9731792019347,
          "user_2" : 2056.4037778605366,
          "user_15" : 2142.9876098601894,
          "user_5" : 2133.601308967865,
          "user_41" : 2099.019596134353,
          "user_40" : 1826.7736597280696,
          "user_9" : 2092.1600406713715,
          "user_16" : 2130.7765234418475,
          "user_36" : 1987.1160326584443,
          "user_14" : 2225.1568147756807,
          "user_25" : 2169.807416110137,
          "user_27" : 2184.7055654964242,
          "user_38" : 2115.3733333295254,
          "user_8" : 1762.197674070097,
          "user_11" : 1862.8912489993145,
          "user_20" : 2279.4055391443662,
          "user_3" : 1945.5093173325063,
          "user_33" : 1936.8654676530505,
          "user_45" : 2109.3988323808976,
          "user_22" : 2015.6120011968387,
          "user_19" : 1990.9279698146665,
          "user_31" : 2250.1465201176197,
          "user_42" : 1796.154117712476,
          "user_37" : 1864.639358983313,
          "user_39" : 1843.025376577049,
          "user_48" : 1980.4521407846773,
          "user_7" : 1915.9437451952263,
          "user_10" : 1930.1226624029355,
          "user_21" : 1878.858625290064,
          "user_4" : 1996.9980020244134,
          "user_17" : 2008.0844226787465,
          "user_29" : 1834.2139473156258,
          "user_23" : 1877.8863258328302,
          "user_0" : 1690.7699246676914,
          "user_34" : 1830.972001141494,
          "user_12" : 1863.0103343721205,
          "user_44" : 2098.680988482983,
          "user_43" : 1812.752367305318,
          "user_18" : 1684.9713724470796,
          "user_32" : 1994.3448508540869,
          "user_49" : 1855.9095058336366,
          "user_1" : 1803.0899582529812,
          "user_47" : 2020.916294923002,
          "user_6" : 1977.4879159559855,
          "user_24" : 1973.68439242025,
          "user_13" : 2045.2465435784982,
          "user_35" : 2081.676026387674,
          "user_28" : 2056.4696484767387
        }
      },
      {
        "name" : "EventSourceTest/data",
        "type" : "dataset",
        "value" : {
          "uri" : "/home/ubuntu/EDEN/output_lppms_0.001_1km_train/data/7d7fc9407e6ae4cfa6280c2a226d56a3a8ed6b94-GeoIndistinguishability/data",
          "format" : "csv"
        }
      },
      {
        "name" : "SpatioTemporalDistortiongeoi/min",
        "type" : "map(string,double)",
        "value" : {
          "user_26" : 135.805108228652,
          "user_46" : 122.32201510742162,
          "user_30" : 72.69142801236549,
          "user_2" : 77.89560374221145,
          "user_15" : 25.47071689301844,
          "user_5" : 104.67890501209115,
          "user_41" : 187.1966900989365,
          "user_40" : 133.28908867137227,
          "user_9" : 131.47780005070345,
          "user_16" : 164.30646756916877,
          "user_36" : 63.062522961368934,
          "user_14" : 302.4358442656159,
          "user_25" : 75.12083645675634,
          "user_27" : 180.3199872379362,
          "user_38" : 106.81348398460503,
          "user_8" : 126.96075458014553,
          "user_11" : 75.94040139625223,
          "user_20" : 318.43909018060765,
          "user_3" : 148.8875974922098,
          "user_33" : 65.03518767592877,
          "user_45" : 146.40468139015115,
          "user_22" : 172.46766336193545,
          "user_19" : 62.160761539145305,
          "user_31" : 15.388442138505942,
          "user_42" : 70.88676185095599,
          "user_37" : 176.34902185669466,
          "user_39" : 118.43692281316926,
          "user_48" : 22.355431637763658,
          "user_7" : 39.836133903313446,
          "user_10" : 144.58993594894423,
          "user_21" : 156.38577521835876,
          "user_4" : 55.84010973291089,
          "user_17" : 166.10191368936333,
          "user_29" : 52.52693193676977,
          "user_23" : 91.11825006610863,
          "user_0" : 75.66276515150713,
          "user_34" : 182.66895946097642,
          "user_12" : 214.25676509569337,
          "user_44" : 150.2575888286134,
          "user_43" : 98.90441591276966,
          "user_18" : 188.51538403199677,
          "user_32" : 295.2302290537985,
          "user_49" : 47.8311153962088,
          "user_1" : 130.29363489470154,
          "user_47" : 57.22488518596617,
          "user_6" : 84.64591414317727,
          "user_24" : 110.29885679833548,
          "user_13" : 88.31995470952428,
          "user_35" : 97.0291230724074,
          "user_28" : 118.28936040221535
        }
      },
      {
        "name" : "SpatioTemporalDistortiongeoi/stddev",
        "type" : "map(string,double)",
        "value" : {
          "user_26" : 1640.680811074714,
          "user_46" : 1455.9757003774046,
          "user_30" : 1658.241660887687,
          "user_2" : 1378.0866275118838,
          "user_15" : 1329.6698019916878,
          "user_5" : 1578.0747297492205,
          "user_41" : 1511.0509202965702,
          "user_40" : 1342.991096712834,
          "user_9" : 1414.681879628605,
          "user_16" : 1469.2816775048523,
          "user_36" : 1388.8829729106274,
          "user_14" : 1542.2986248074712,
          "user_25" : 1275.5030635795315,
          "user_27" : 1485.5196987831123,
          "user_38" : 1221.7342505476881,
          "user_8" : 1191.9925268909183,
          "user_11" : 1148.2498350732544,
          "user_20" : 1484.3310717127806,
          "user_3" : 1428.5356215685358,
          "user_33" : 1436.371670051722,
          "user_45" : 1414.825258705774,
          "user_22" : 1389.4508639081123,
          "user_19" : 1310.613770318043,
          "user_31" : 1652.2884283949438,
          "user_42" : 1276.3344154706992,
          "user_37" : 1326.2809600108865,
          "user_39" : 1367.557055294172,
          "user_48" : 1312.0238959639228,
          "user_7" : 1293.6416740909974,
          "user_10" : 1180.5012813323606,
          "user_21" : 1338.8776982529785,
          "user_4" : 1327.4477708344873,
          "user_17" : 1415.66923150209,
          "user_29" : 1083.6342142800916,
          "user_23" : 1211.1958281347759,
          "user_0" : 1160.3804478569202,
          "user_34" : 1328.1086444366726,
          "user_12" : 1426.1050570876243,
          "user_44" : 1709.1170976505773,
          "user_43" : 1344.3912069761498,
          "user_18" : 1296.4180798231118,
          "user_32" : 1331.295878588755,