{
  "id" : "41b277b5a81e869833736990f090648e16ba0716",
  "parent" : "af554f12873e26ff174901f60ca2d7c26eebc6ff",
  "name" : "spatialTemporalDistortion:urltrain=/home/ubuntu/EDEN/output_lppms_0.001_1km_train/data-accio,urltest=/home/ubuntu/EDEN/output_lppms_0.001_1km_train/data/72d052ee6ea743edd08c427ac1b84cadcd4027fe-GeoIndistinguishability/data",
  "seed" : -7852797407564491540,
  "params" : {
    "urltrain" : "/home/ubuntu/EDEN/output_lppms_0.001_1km_train/data-accio",
    "urltest" : "/home/ubuntu/EDEN/output_lppms_0.001_1km_train/data/72d052ee6ea743edd08c427ac1b84cadcd4027fe-GeoIndistinguishability/data"
  },
  "report" : {
    "started_at" : 1717048485891,
    "completed_at" : 1717048486198,
    "node_stats" : [
      {
        "name" : "EventSourceTrain",
        "started_at" : 1717048485891,
        "completed_at" : 1717048485917,
        "successful" : true,
        "duration" : 26,
        "completed" : true
      },
      {
        "name" : "EventSourceTest",
        "started_at" : 1717048485927,
        "completed_at" : 1717048485929,
        "successful" : true,
        "duration" : 2,
        "completed" : true
      },
      {
        "name" : "SpatioTemporalDistortiongeoi",
        "started_at" : 1717048485930,
        "completed_at" : 1717048486185,
        "successful" : true,
        "duration" : 255,
        "completed" : true
      }
    ],
    "artifacts" : [
      {
        "name" : "SpatioTemporalDistortiongeoi/avg",
        "type" : "map(string,double)",
        "value" : {
          "user_26" : 1927.6617084965608,
          "user_46" : 1881.8751144501332,
          "user_30" : 2091.5264149690834,
          "user_2" : 1944.8042277132042,
          "user_15" : 2303.4242618324515,
          "user_5" : 1879.652646160172,
          "user_41" : 1997.5397426906643,
          "user_40" : 2057.543841976714,
          "user_9" : 2131.107325635036,
          "user_16" : 2252.4756968105366,
          "user_36" : 2213.2544364622654,
          "user_14" : 1925.914284753208,
          "user_25" : 2102.4900350193343,
          "user_27" : 2168.8736803411625,
          "user_38" : 1710.6281080692327,
          "user_8" : 2238.254172824694,
          "user_11" : 1953.4595428906248,
          "user_20" : 1977.1728733524815,
          "user_3" : 1967.3184270549423,
          "user_33" : 1845.202587051663,
          "user_45" : 2078.5128068353824,
          "user_22" : 2238.5117533016455,
          "user_19" : 2171.8358885549696,
          "user_31" : 2156.862706940546,
          "user_42" : 1845.668079089821,
          "user_37" : 1976.0058028179174,
          "user_39" : 1901.0623108083607,
          "user_48" : 1778.6151139631459,
          "user_7" : 1947.3717509805085,
          "user_10" : 1756.8654813303497,
          "user_21" : 1824.3035525224236,
          "user_4" : 1944.3269239153947,
          "user_17" : 2155.99302225143,
          "user_29" : 2233.024898919151,
          "user_23" : 1851.9375664104102,
          "user_0" : 2033.0714928388236,
          "user_34" : 2029.323944817903,
          "user_12" : 1869.0212249320366,
          "user_44" : 1948.750009274658,
          "user_43" : 1724.5160691008032,
          "user_18" : 2174.600819109209,
          "user_32" : 1947.8931284108194,
          "user_49" : 1874.8159154086063,
          "user_1" : 1915.1941246096503,
          "user_47" : 2072.2543352145353,
          "user_6" : 2083.5333667271157,
          "user_24" : 1921.976229784718,
          "user_13" : 1796.3050388222425,
          "user_35" : 2022.5467638790815,
          "user_28" : 1899.6654170681734
        }
      },
      {
        "name" : "EventSourceTest/data",
        "type" : "dataset",
        "value" : {
          "uri" : "/home/ubuntu/EDEN/output_lppms_0.001_1km_train/data/72d052ee6ea743edd08c427ac1b84cadcd4027fe-GeoIndistinguishability/data",
          "format" : "csv"
        }
      },
      {
        "name" : "SpatioTemporalDistortiongeoi/min",
        "type" : "map(string,double)",
        "value" : {
          "user_26" : 75.00695279123444,
          "user_46" : 242.57812005472707,
          "user_30" : 54.66958129501149,
          "user_2" : 158.71732606702813,
          "user_15" : 46.880596950563024,
          "user_5" : 98.98294981736929,
          "user_41" : 203.62459147458202,
          "user_40" : 361.1737847116114,
          "user_9" : 221.45269417040532,
          "user_16" : 224.66521162794533,
          "user_36" : 7.113539306858269,
          "user_14" : 83.49128016788018,
          "user_25" : 133.29250308346602,
          "user_27" : 30.927161116530268,
          "user_38" : 173.6402831788252,
          "user_8" : 222.94371267299525,
          "user_11" : 88.986786873361,
          "user_20" : 79.98876998202819,
          "user_3" : 14.674688153482915,
          "user_33" : 105.62647751762516,
          "user_45" : 167.50138933400342,
          "user_22" : 192.30093063650588,
          "user_19" : 165.96312612951343,
          "user_31" : 120.39727975008812,
          "user_42" : 108.46842338034973,
          "user_37" : 134.95226967255746,
          "user_39" : 112.74002592063866,
          "user_48" : 294.4196182767096,
          "user_7" : 315.4697310818907,
          "user_10" : 177.69836465947284,
          "user_21" : 111.39838885335091,
          "user_4" : 63.50330068980495,
          "user_17" : 169.63897530748216,
          "user_29" : 27.415346997513826,
          "user_23" : 105.55384948287028,
          "user_0" : 171.00328708128552,
          "user_34" : 64.38625979254027,
          "user_12" : 178.10850087854254,
          "user_44" : 130.1908485915947,
          "user_43" : 256.47655579724056,
          "user_18" : 162.49224280392716,
          "user_32" : 17.550517606474926,
          "user_49" : 163.34114050356,
          "user_1" : 94.06828145957633,
          "user_47" : 20.52679799789611,
          "user_6" : 243.01945249263844,
          "user_24" : 95.74519844959772,
          "user_13" : 143.88765404674547,
          "user_35" : 131.7140488447161,
          "user_28" : 69.60579027849448
        }
      },
      {
        "name" : "SpatioTemporalDistortiongeoi/stddev",
        "type" : "map(string,double)",
        "value" : {
          "user_26" : 1638.1958981735554,
          "user_46" : 1276.9658751941392,
          "user_30" : 1813.0955490918016,
          "user_2" : 1344.48429519538,
          "user_15" : 1531.5826610901572,
          "user_5" : 1396.3609625423762,
          "user_41" : 1558.0699591366576,
          "user_40" : 1435.5592857533638,
          "user_9" : 1274.2715894321423,
          "user_16" : 1644.2215211102325,
          "user_36" : 1749.3690485067912,
          "user_14" : 1178.5207456332987,
          "user_25" : 1513.1652380464873,
          "user_27" : 1481.1847788761993,
          "user_38" : 1194.1881193311344,
          "user_8" : 1584.5204145116015,
          "user_11" : 1391.510010335243,
          "user_20" : 1419.0729925902779,
          "user_3" : 1272.677231029199,
          "user_33" : 1232.8542989607251,
          "user_45" : 1577.0265735255578,
          "user_22" : 1763.2074818221936,
          "user_19" : 1558.7611109535708,
          "user_31" : 1557.2435208735103,
          "user_42" : 1317.0977295758757,
          "user_37" : 1686.4040767154388,
          "user_39" : 1435.3264558227775,
          "user_48" : 1229.0524692373388,
          "user_7" : 1293.232068684884,
          "user_10" : 1312.2704104031206,
          "user_21" : 1267.4599481044058,
          "user_4" : 1254.6261199261012,
          "user_17" : 1482.1729128729737,
          "user_29" : 1577.3234747043423,
          "user_23" : 1137.9946950997587,
          "user_0" : 1298.803916816007,
          "user_34" : 1370.0559846207766,
          "user_12" : 1268.4906981253014,
          "user_44" : 1350.306156743355,
          "user_43" : 1235.3767973587733,
          "user_18" : 1562.4401840983699,
          "user_32" : 1286.9206078750453,