{
  "id" : "1803fa799f6f907c8f676b0a3d414f193afbc4e2",
  "parent" : "00966ecc64a28adbf047df98bc8b63d66de34bf6",
  "name" : "spatialTemporalDistortion:urltrain=/home/ubuntu/EDEN/output_lppms_0.001_1km_train/data-accio,urltest=/home/ubuntu/EDEN/output_lppms_0.001_1km_train/tri-accio",
  "seed" : -7034135380990163804,
  "params" : {
    "urltrain" : "/home/ubuntu/EDEN/output_lppms_0.001_1km_train/data-accio",
    "urltest" : "/home/ubuntu/EDEN/output_lppms_0.001_1km_train/tri-accio"
  },
  "report" : {
    "started_at" : 1717048492704,
    "completed_at" : 1717048493106,
    "node_stats" : [
      {
        "name" : "EventSourceTrain",
        "started_at" : 1717048492704,
        "completed_at" : 1717048492730,
        "successful" : true,
        "duration" : 26,
        "completed" : true
      },
      {
        "name" : "EventSourceTest",
        "started_at" : 1717048492740,
        "completed_at" : 1717048492741,
        "successful" : true,
        "duration" : 1,
        "completed" : true
      },
      {
        "name" : "SpatioTemporalDistortiongeoi",
        "started_at" : 1717048492742,
        "completed_at" : 1717048493091,
        "successful" : true,
        "duration" : 349,
        "completed" : true
      }
    ],
    "artifacts" : [
      {
        "name" : "SpatioTemporalDistortiongeoi/avg",
        "type" : "map(string,double)",
        "value" : {
          "user_26" : 667.9234890862539,
          "user_46" : 668.1286781671004,
          "user_30" : 667.2657509221513,
          "user_2" : 678.882399347508,
          "user_15" : 674.0341299681678,
          "user_5" : 666.2105926140323,
          "user_41" : 666.9757999818594,
          "user_40" : 663.5053121914477,
          "user_9" : 673.5620746507735,
          "user_16" : 656.7481031780989,
          "user_36" : 677.5853024485965,
          "user_14" : 697.7117004577028,
          "user_25" : 677.7484883448707,
          "user_27" : 664.3902694787101,
          "user_38" : 655.913624287936,
          "user_8" : 665.5039112539978,
          "user_11" : 667.5687467154617,
          "user_20" : 683.8237160310722,
          "user_3" : 678.8289813994551,
          "user_33" : 678.599658507816,
          "user_45" : 687.2329810954328,
          "user_22" : 660.1735951518822,
          "user_19" : 673.8538411972106,
          "user_31" : 671.4763241600298,
          "user_42" : 672.956683022964,
          "user_37" : 656.3305436221405,
          "user_39" : 648.868052192655,
          "user_48" : 649.493979310213,
          "user_7" : 685.1258377178862,
          "user_10" : 675.4372020763898,
          "user_21" : 651.3758472313698,
          "user_4" : 666.7313671006875,
          "user_17" : 699.2907778308593,
          "user_29" : 645.3839156189537,
          "user_23" : 685.4580440254695,
          "user_0" : 654.5984303698887,
          "user_34" : 651.6362770303659,
          "user_12" : 663.0785681719852,
          "user_44" : 681.0322068562443,
          "user_43" : 654.0503824665092,
          "user_18" : 686.8835020449836,
          "user_32" : 654.6115160957039,
          "user_49" : 680.2758397436563,
          "user_1" : 648.9329594432351,
          "user_47" : 652.0942248648907,
          "user_6" : 653.6594182745234,
          "user_24" : 666.5231751156166,
          "user_13" : 648.7427108267976,
          "user_35" : 647.8366237822917,
          "user_28" : 683.564875508803
        }
      },
      {
        "name" : "EventSourceTest/data",
        "type" : "dataset",
        "value" : {
          "uri" : "/home/ubuntu/EDEN/output_lppms_0.001_1km_train/tri-accio",
          "format" : "csv"
        }
      },
      {
        "name" : "SpatioTemporalDistortiongeoi/min",
        "type" : "map(string,double)",
        "value" : {
          "user_26" : 87.55050501143727,
          "user_46" : 79.06101010761864,
          "user_30" : 24.80939965433938,
          "user_2" : 45.73480706880357,
          "user_15" : 71.4236132822955,
          "user_5" : 65.18737135159031,
          "user_41" : 42.896817703551136,
          "user_40" : 11.272675461256044,
          "user_9" : 40.97145583922672,
          "user_16" : 8.331224014487509,
          "user_36" : 81.61806245706114,
          "user_14" : 49.258026651490404,
          "user_25" : 70.25444004139837,
          "user_27" : 41.52322744085302,
          "user_38" : 17.246318998645496,
          "user_8" : 45.654238135902524,
          "user_11" : 41.53494663200621,
          "user_20" : 93.27951034862028,
          "user_3" : 50.72039192462862,
          "user_33" : 28.08939508129087,
          "user_45" : 69.82724683448623,
          "user_22" : 92.59672072834113,
          "user_19" : 66.90501074709952,
          "user_31" : 73.86024008194269,
          "user_42" : 26.199445613303045,
          "user_37" : 35.60616936466287,
          "user_39" : 52.2063096781493,
          "user_48" : 13.00395873449446,
          "user_7" : 74.95863279069212,
          "user_10" : 64.99267490239644,
          "user_21" : 70.72486142014743,
          "user_4" : 34.973080127950304,
          "user_17" : 83.62964918947979,
          "user_29" : 85.7912793989106,
          "user_23" : 36.96445966720543,
          "user_0" : 71.31139374786649,
          "user_34" : 73.93149070914177,
          "user_12" : 89.5226277487542,
          "user_44" : 46.11893741793834,
          "user_43" : 22.274270136443885,
          "user_18" : 55.922429606231084,
          "user_32" : 102.8633449501993,
          "user_49" : 38.31656905227184,
          "user_1" : 30.538130553624992,
          "user_47" : 13.674525878095562,
          "user_6" : 83.85588311362184,
          "user_24" : 4.7744496543536465,
          "user_13" : 10.036219994739467,
          "user_35" : 39.28962168236188,
          "user_28" : 35.968218777070284
        }
      },
      {
        "name" : "SpatioTemporalDistortiongeoi/stddev",
        "type" : "map(string,double)",
        "value" : {
          "user_26" : 234.7780668478509,
          "user_46" : 245.58161830784314,
          "user_30" : 214.79119977835595,
          "user_2" : 228.59769366681417,
          "user_15" : 246.57891051292026,
          "user_5" : 236.75996964854713,
          "user_41" : 237.79734479679823,
          "user_40" : 231.0477496860914,
          "user_9" : 245.81765546313054,
          "user_16" : 241.33742528135647,
          "user_36" : 225.90815769174986,
          "user_14" : 222.50854777314072,
          "user_25" : 227.35553145520808,
          "user_27" : 243.59671583317592,
          "user_38" : 239.193549049469,
          "user_8" : 232.05003024579824,
          "user_11" : 235.7173857739805,
          "user_20" : 226.40089450948486,
          "user_3" : 224.0427459589246,
          "user_33" : 239.43758505963763,
          "user_45" : 229.50407304670642,
          "user_22" : 233.25527498464268,
          "user_19" : 231.34177569960826,
          "user_31" : 233.5734982806116,
          "user_42" : 223.07235794945302,
          "user_37" : 229.68592473540593,
          "user_39" : 246.5198571914672,
          "user_48" : 248.08484949176105,
          "user_7" : 221.21860613550325,
          "user_10" : 224.6943147271958,
          "user_21" : 242.75622145462137,
          "user_4" : 225.3253549469852,
          "user_17" : 226.72225921958022,
          "user_29" : 234.34711717884258,
          "user_23" : 224.84919618164525,
          "user_0" : 232.9078827701787,
          "user_34" : 244.59428778960302,
          "user_12" : 235.8071129539523,
          "user_44" : 232.59467971807297,
          "user_43" : 233.4739556208144,
          "user_18" : 221.4288400340612,
          "user_32" : 229.3967643778591,
          "user_49" : 232.11438281554229,
          "user_1" : 242.74791905869543,
          "user_47" : 241.77713850543418,
          "user_6" : 236.58591777568554,
          "user_24" : 231.89288915319165,
          "user_13" : 231.4519809409933,