{
  "id" : "ad87bc1cd7df1f99fbb124a0dd7d88a835dc8992",
  "parent" : "27fd6bd0b1e6bb5c8676966e074bd60b5b138883",
  "name" : "spatialTemporalDistortion:urltrain=/home/ubuntu/EDEN/output_lppms_0.01_3km_train/data-accio,urltest=/home/ubuntu/EDEN/output_lppms_0.01_3km_train/tri-accio",
  "seed" : 7663601593877239208,
  "params" : {
    "urltrain" : "/home/ubuntu/EDEN/output_lppms_0.01_3km_train/data-accio",
    "urltest" : "/home/ubuntu/EDEN/output_lppms_0.01_3km_train/tri-accio"
  },
  "report" : {
    "started_at" : 1717048964904,
    "completed_at" : 1717048965325,
    "node_stats" : [
      {
        "name" : "EventSourceTrain",
        "started_at" : 1717048964904,
        "completed_at" : 1717048964933,
        "successful" : true,
        "duration" : 29,
        "completed" : true
      },
      {
        "name" : "EventSourceTest",
        "started_at" : 1717048964946,
        "completed_at" : 1717048964947,
        "successful" : true,
        "duration" : 1,
        "completed" : true
      },
      {
        "name" : "SpatioTemporalDistortiongeoi",
        "started_at" : 1717048964948,
        "completed_at" : 1717048965309,
        "successful" : true,
        "duration" : 361,
        "completed" : true
      }
    ],
    "artifacts" : [
      {
        "name" : "SpatioTemporalDistortiongeoi/avg",
        "type" : "map(string,double)",
        "value" : {
          "user_26" : 1965.0921801292864,
          "user_46" : 1928.5473449779874,
          "user_30" : 1982.4360723077034,
          "user_2" : 1941.2392746774694,
          "user_15" : 2078.98616739535,
          "user_5" : 1964.7113695056291,
          "user_41" : 1974.9221587436411,
          "user_40" : 2022.5185410167273,
          "user_9" : 1990.3426006149066,
          "user_16" : 2008.3457177472394,
          "user_36" : 1952.0371018954881,
          "user_14" : 1927.6332380461963,
          "user_25" : 2032.2870465359667,
          "user_27" : 2020.482853714136,
          "user_38" : 2005.3531354846227,
          "user_8" : 1916.7823209725027,
          "user_11" : 2076.0231104114737,
          "user_20" : 1975.63189060306,
          "user_3" : 2000.0293532628057,
          "user_33" : 2020.5623438916691,
          "user_45" : 1976.0053753283635,
          "user_22" : 2003.4220652932718,
          "user_19" : 2030.084433569199,
          "user_31" : 2028.3337806015118,
          "user_42" : 2059.1592671450176,
          "user_37" : 1954.9810125818274,
          "user_39" : 2021.7332731128276,
          "user_48" : 1968.6895146681895,
          "user_7" : 2063.3527652260404,
          "user_10" : 1958.214188186383,
          "user_21" : 1992.8728592555601,
          "user_4" : 2003.7717555723743,
          "user_17" : 1985.5455188954645,
          "user_29" : 1974.3637895030677,
          "user_23" : 2040.87802320995,
          "user_0" : 2073.6526011437163,
          "user_34" : 1940.4373592233653,
          "user_12" : 2014.7461447311857,
          "user_44" : 2063.271943869308,
          "user_43" : 2019.630795880252,
          "user_18" : 1924.2519407558402,
          "user_32" : 1965.085063425715,
          "user_49" : 1973.7782917621835,
          "user_1" : 1993.5061306676296,
          "user_47" : 1989.9759447054473,
          "user_6" : 2002.6203769901501,
          "user_24" : 1999.298931172616,
          "user_13" : 2013.0554179426035,
          "user_35" : 1996.5509406778658,
          "user_28" : 2094.754041997006
        }
      },
      {
        "name" : "EventSourceTest/data",
        "type" : "dataset",
        "value" : {
          "uri" : "/home/ubuntu/EDEN/output_lppms_0.01_3km_train/tri-accio",
          "format" : "csv"
        }
      },
      {
        "name" : "SpatioTemporalDistortiongeoi/min",
        "type" : "map(string,double)",
        "value" : {
          "user_26" : 182.11587274624708,
          "user_46" : 209.99047767328213,
          "user_30" : 152.83152051847262,
          "user_2" : 94.86683648549631,
          "user_15" : 194.49155440020542,
          "user_5" : 73.11071453776282,
          "user_41" : 192.88377321441126,
          "user_40" : 167.75717787017194,
          "user_9" : 62.16731535103693,
          "user_16" : 174.01437379926017,
          "user_36" : 335.1384206840703,
          "user_14" : 239.47522707736704,
          "user_25" : 201.7559389389306,
          "user_27" : 167.7188418253216,
          "user_38" : 187.64582384778907,
          "user_8" : 38.79795637549994,
          "user_11" : 224.60307326687936,
          "user_20" : 181.62342304727113,
          "user_3" : 116.67485450934089,
          "user_33" : 66.3585116370707,
          "user_45" : 140.81179702110592,
          "user_22" : 189.24947063104446,
          "user_19" : 46.16457925035157,
          "user_31" : 349.73633065405136,
          "user_42" : 69.51388316834512,
          "user_37" : 33.67835854770331,
          "user_39" : 331.0928275801107,
          "user_48" : 157.57706245277416,
          "user_7" : 91.25175570207294,
          "user_10" : 117.71209550248844,
          "user_21" : 130.72517142174502,
          "user_4" : 122.4654341120901,
          "user_17" : 146.62663270512937,
          "user_29" : 139.89385271053675,
          "user_23" : 306.99360733333344,
          "user_0" : 161.51298477842798,
          "user_34" : 39.58084492018978,
          "user_12" : 70.49464281109039,
          "user_44" : 133.972048614769,
          "user_43" : 248.9159814006438,
          "user_18" : 86.09775975527168,
          "user_32" : 117.40855153025772,
          "user_49" : 114.8633973161945,
          "user_1" : 128.54398404095932,
          "user_47" : 121.09764031655025,
          "user_6" : 150.57488682397224,
          "user_24" : 280.0591486563899,
          "user_13" : 112.71936583634634,
          "user_35" : 130.30729753979236,
          "user_28" : 217.9412205472897
        }
      },
      {
        "name" : "SpatioTemporalDistortiongeoi/stddev",
        "type" : "map(string,double)",
        "value" : {
          "user_26" : 717.7947099895262,
          "user_46" : 743.6081026520136,
          "user_30" : 705.0844318766236,
          "user_2" : 708.7117540314817,
          "user_15" : 676.8360092612205,
          "user_5" : 723.0548883907786,
          "user_41" : 685.4903732871326,
          "user_40" : 740.8049143226556,
          "user_9" : 676.6690481500868,
          "user_16" : 677.8624865386824,
          "user_36" : 714.7966110347037,
          "user_14" : 707.2148263160993,
          "user_25" : 692.2439967440488,
          "user_27" : 668.5932396341703,
          "user_38" : 671.267070039918,
          "user_8" : 747.8982973591234,
          "user_11" : 683.7209198319521,
          "user_20" : 714.9141203784532,
          "user_3" : 727.3294810390596,
          "user_33" : 694.4426623638244,
          "user_45" : 711.4527680693458,
          "user_22" : 721.1616869207851,
          "user_19" : 722.1944014670424,
          "user_31" : 701.1335846339233,
          "user_42" : 674.7742365463208,
          "user_37" : 702.8144296571991,
          "user_39" : 675.9051517437391,
          "user_48" : 724.6347354967098,
          "user_7" : 701.5440314636767,
          "user_10" : 721.9973626177309,
          "user_21" : 713.7689372360609,
          "user_4" : 725.7396267214134,
          "user_17" : 669.1957927122504,
          "user_29" : 726.7295781184672,
          "user_23" : 666.9913356814128,
          "user_0" : 665.4955089298961,
          "user_34" : 724.0604660845537,
          "user_12" : 745.4040379916395,
          "user_44" : 707.9057078803244,
          "user_43" : 696.7220327490779,
          "user_18" : 716.3671407367733,
          "user_32" : 720.4554587265799,
          "user_49" : 714.4939782972297,
          "user_1" : 703.1479929999537,
          "user_47" : 723.186092920445,
          "user_6" : 695.34801378453,
          "user_24" : 685.7688137442597,
          "user_13" : 683.7281556750249,