{
  "id" : "e82fa8aa2b267f209769d379645b106b3be46c25",
  "parent" : "3498490bcdf196adec27cf5c413f8abcaa485b0a",
  "name" : "spatialTemporalDistortion:urltrain=/home/ubuntu/EDEN/output_lppms_0.01_3km_train/data-accio,urltest=/home/ubuntu/EDEN/output_lppms_0.01_3km_train/data/7b2c1adcda91ffab644280436cfe147476217082-GeoIndistinguishability/data",
  "seed" : 5505749032096696956,
  "params" : {
    "urltrain" : "/home/ubuntu/EDEN/output_lppms_0.01_3km_train/data-accio",
    "urltest" : "/home/ubuntu/EDEN/output_lppms_0.01_3km_train/data/7b2c1adcda91ffab644280436cfe147476217082-GeoIndistinguishability/data"
  },
  "report" : {
    "started_at" : 1717048958049,
    "completed_at" : 1717048958348,
    "node_stats" : [
      {
        "name" : "EventSourceTrain",
        "started_at" : 1717048958049,
        "completed_at" : 1717048958073,
        "successful" : true,
        "duration" : 24,
        "completed" : true
      },
      {
        "name" : "EventSourceTest",
        "started_at" : 1717048958083,
        "completed_at" : 1717048958084,
        "successful" : true,
        "duration" : 1,
        "completed" : true
      },
      {
        "name" : "SpatioTemporalDistortiongeoi",
        "started_at" : 1717048958085,
        "completed_at" : 1717048958332,
        "successful" : true,
        "duration" : 247,
        "completed" : true
      }
    ],
    "artifacts" : [
      {
        "name" : "SpatioTemporalDistortiongeoi/avg",
        "type" : "map(string,double)",
        "value" : {
          "user_26" : 2184.407242434106,
          "user_46" : 1829.0372397585495,
          "user_30" : 2065.86447005813,
          "user_2" : 1949.7665504296801,
          "user_15" : 2250.5382980488125,
          "user_5" : 1917.3360679289347,
          "user_41" : 2035.6911290023681,
          "user_40" : 2127.5503511143597,
          "user_9" : 1841.3277335197665,
          "user_16" : 1890.2260607188505,
          "user_36" : 2057.284707802595,
          "user_14" : 2215.0841245597408,
          "user_25" : 2121.6637156939055,
          "user_27" : 1949.5221514749626,
          "user_38" : 2009.681119946916,
          "user_8" : 2116.553299875011,
          "user_11" : 2154.000953379084,
          "user_20" : 1748.34924744771,
          "user_3" : 1986.9274480903168,
          "user_33" : 1816.0641056093782,
          "user_45" : 1968.4430179656306,
          "user_22" : 1945.8290664523643,
          "user_19" : 1667.05587909927,
          "user_31" : 2070.617567197866,
          "user_42" : 1930.9992900807185,
          "user_37" : 1838.3611632492423,
          "user_39" : 1798.5368280540993,
          "user_48" : 2014.151508106246,
          "user_7" : 2140.330769159701,
          "user_10" : 2004.5976654919705,
          "user_21" : 2198.757450623199,
          "user_4" : 1960.2339589446628,
          "user_17" : 1837.0817426378546,
          "user_29" : 2033.7859179498817,
          "user_23" : 2005.2256178801977,
          "user_0" : 2052.0695293332074,
          "user_34" : 2275.01752220958,
          "user_12" : 1883.8371801084895,
          "user_44" : 1906.2782778437386,
          "user_43" : 1701.110585751483,
          "user_18" : 1960.8159496166838,
          "user_32" : 2003.1972717846165,
          "user_49" : 2098.847313960876,
          "user_1" : 1790.280761961272,
          "user_47" : 2440.3251401199827,
          "user_6" : 2062.959143212112,
          "user_24" : 1945.837150018524,
          "user_13" : 2161.166034594966,
          "user_35" : 1917.2539581208366,
          "user_28" : 1928.874085594883
        }
      },
      {
        "name" : "EventSourceTest/data",
        "type" : "dataset",
        "value" : {
          "uri" : "/home/ubuntu/EDEN/output_lppms_0.01_3km_train/data/7b2c1adcda91ffab644280436cfe147476217082-GeoIndistinguishability/data",
          "format" : "csv"
        }
      },
      {
        "name" : "SpatioTemporalDistortiongeoi/min",
        "type" : "map(string,double)",
        "value" : {
          "user_26" : 164.0484951191795,
          "user_46" : 206.51952651404582,
          "user_30" : 111.9429871717469,
          "user_2" : 155.17178805085652,
          "user_15" : 146.59425522574617,
          "user_5" : 67.367784834388,
          "user_41" : 109.69607325176146,
          "user_40" : 137.3489340864304,
          "user_9" : 122.42802329807714,
          "user_16" : 47.071244908502955,
          "user_36" : 172.27886170240433,
          "user_14" : 127.27282317836749,
          "user_25" : 108.15490676600632,
          "user_27" : 145.7952043062991,
          "user_38" : 246.29625645173505,
          "user_8" : 15.763039525076373,
          "user_11" : 194.03013792914606,
          "user_20" : 37.98377237090842,
          "user_3" : 160.80096167499715,
          "user_33" : 79.63164776711722,
          "user_45" : 286.48344636218013,
          "user_22" : 308.14310941023075,
          "user_19" : 149.24499586977143,
          "user_31" : 173.27307558277985,
          "user_42" : 134.89948571060754,
          "user_37" : 148.67639898883965,
          "user_39" : 80.51342523171051,
          "user_48" : 411.10557178048157,
          "user_7" : 218.7784850875052,
          "user_10" : 255.66364474303404,
          "user_21" : 180.44597857472405,
          "user_4" : 181.0145300381919,
          "user_17" : 79.2570377649998,
          "user_29" : 70.93789600609884,
          "user_23" : 216.02553446337762,
          "user_0" : 182.28252054963346,
          "user_34" : 92.52663447542311,
          "user_12" : 15.721671005324879,
          "user_44" : 134.2807239875174,
          "user_43" : 147.22480497285855,
          "user_18" : 108.71968092126647,
          "user_32" : 171.02466996957227,
          "user_49" : 162.64259167933005,
          "user_1" : 25.396732525865858,
          "user_47" : 238.91834270334076,
          "user_6" : 245.03814405864227,
          "user_24" : 105.85507663225803,
          "user_13" : 131.2267761787553,
          "user_35" : 141.72192965092782,
          "user_28" : 21.99006947320135
        }
      },
      {
        "name" : "SpatioTemporalDistortiongeoi/stddev",
        "type" : "map(string,double)",
        "value" : {
          "user_26" : 1547.3257567220703,
          "user_46" : 1286.6055029276342,
          "user_30" : 1512.7318823438895,
          "user_2" : 1467.898014181694,
          "user_15" : 1667.3086326123223,
          "user_5" : 1239.1062768835318,
          "user_41" : 1423.641105228441,
          "user_40" : 1582.9582384555117,
          "user_9" : 1358.978703079845,
          "user_16" : 1333.9205336456955,
          "user_36" : 1743.7865787911776,
          "user_14" : 1584.8822008870159,
          "user_25" : 1491.4477572436008,
          "user_27" : 1309.6317665414379,
          "user_38" : 1514.7577333093548,
          "user_8" : 1384.091819047536,
          "user_11" : 1441.1307319515709,
          "user_20" : 1369.9466790625465,
          "user_3" : 1300.1962140320773,
          "user_33" : 1396.083196478116,
          "user_45" : 1480.8640157832524,
          "user_22" : 1286.8054970816465,
          "user_19" : 1242.6681386565197,
          "user_31" : 1511.9441193339894,
          "user_42" : 1270.1604407632838,
          "user_37" : 1206.7150648070474,
          "user_39" : 1480.3981657947004,
          "user_48" : 1347.9656006030045,
          "user_7" : 1578.7927882619583,
          "user_10" : 1335.4358329669233,
          "user_21" : 1779.0645282843527,
          "user_4" : 1346.0557152012727,
          "user_17" : 1226.051372791732,
          "user_29" : 1498.5283932342402,
          "user_23" : 1535.6807457080802,
          "user_0" : 1403.920505209059,
          "user_34" : 1463.3389792092776,
          "user_12" : 1608.0409799275374,
          "user_44" : 1254.4920452662157,
          "user_43" : 1134.4348639867087,
          "user_18" : 1264.717248641088,
          "user_32" : 1427.2533589747372,